[
 {
 "nombre":"Zombie1",
 "tipo":"zombie",
 "vida":4,
 "dados":3,
 "armadura":3,
 "movimiento":4
 },{
 "nombre":"Zombie2",
 "tipo":"zombie",
 "vida":4,
 "dados":3,
 "armadura":3,
 "movimiento":4
 },{
 "nombre":"Zombie3",
 "tipo":"zombie",
 "vida":4,
 "dados":3,
 "armadura":3,
 "movimiento":4
 },
 {
 "nombre":"Zombie4",
 "tipo":"zombie",
 "vida":4,
 "dados":3,
 "armadura":3,
 "movimiento":4
 },
 {
 "nombre":"Zombie5",
 "tipo":"zombie",
 "vida":4,
 "dados":3,
 "armadura":3,
 "movimiento":4
 },
 {
 "nombre":"Jefe",
 "tipo":"zombie",
 "vida":10,
 "dados":4,
 "armadura":4,
 "movimiento":4
 }
]
