 [
  {
  "nombre":"Clavius",
  "clase":"Mago",
  "dados":4,
  "vida":5,
  "habilidad":"Magia Avanzada",
  "descripcion":"Una vez por partida, puede lanzar 2 Hechizos Fuertes diferentes, sin importar si se están regenerando",
  "armadura":3,
  "movimiento":4,
  "monedas de oro":0
  },
 
  {
  "nombre":"WarBlood",
  "clase":"Bárbaro",
  "dados":6,
  "vida":5,
  "habilidad":"Furia Berserker",
  "descripcion":"Una vez por partida, se vuelve loco para realizar un ataque fuerte. Hará el doble de daño",
  "armadura":1,
  "movimiento":3,
  "monedas de oro":0
  },
  
  
  {
  "nombre":"D'warfa",
  "clase":"Enana",
  "dados":5,
  "vida":5,
  "habilidad":"Muro enano",
  "descripcion":"Una vez por partida, no puede recibir daño durante el resto del turno, salvo por trampas",
  "armadura":2,
  "movimiento":3,
  "monedas de oro":0
  },
  
  {
  "nombre":"Anetta",
  "clase":"Arquera",
  "dados":3,
  "vida":5,
  "habilidad":"Tormenta de flechas",
  "descripcion":"Una vez por partida, lanza flechas a dos enemigos distintos, que deberán defenderse por separado",
  "armadura":2,
  "movimiento":5,
  "monedas de oro":0
  }
  
]
